{"algorithm":{"avg_evolution":[[0,0.0],[10,1880.533935546875],[20,1880.533935546875],[30,1880.533935546875],[40,1880.533935546875],[50,1880.533935546875],[60,1880.533935546875],[70,1880.533935546875],[80,1880.533935546875],[90,1880.533935546875],[100,1880.533935546875],[110,1880.533935546875],[120,1880.533935546875],[130,1880.533935546875],[140,1880.533935546875],[150,1880.533935546875],[160,1880.533935546875],[170,1880.533935546875],[180,1880.533935546875],[190,1880.533935546875],[200,1880.533935546875],[210,1880.533935546875],[220,1880.533935546875],[230,1880.533935546875],[240,1880.533935546875],[250,1880.533935546875],[260,1880.533935546875],[270,1880.533935546875],[280,1880.533935546875],[290,1880.533935546875],[300,1880.533935546875],[310,1880.533935546875],[320,1880.533935546875],[330,1880.533935546875],[340,1880.533935546875],[350,1880.533935546875],[360,1880.533935546875],[370,1880.533935546875],[380,1880.533935546875],[390,1880.533935546875],[400,1880.533935546875],[410,1880.533935546875],[420,1880.533935546875],[430,1880.533935546875],[440,1880.533935546875],[450,1880.533935546875],[460,1880.533935546875],[470,1880.533935546875],[480,1880.533935546875],[490,1880.533935546875],[500,1880.533935546875],[510,1880.533935546875],[520,1880.533935546875],[530,1880.533935546875],[540,1880.533935546875],[550,1880.533935546875],[560,1880.533935546875],[570,1880.533935546875],[580,1880.533935546875],[590,1880.533935546875],[600,1880.533935546875],[610,1880.533935546875],[620,1880.533935546875],[630,1880.533935546875],[640,1880.533935546875],[650,1880.533935546875],[660,1880.533935546875],[670,1880.533935546875],[680,1880.533935546875],[690,1880.533935546875],[700,1880.533935546875],[710,1880.533935546875],[720,1880.533935546875],[730,1880.533935546875],[740,1880.533935546875],[750,1880.533935546875],[760,1880.533935546875],[770,1880.533935546875],[780,1880.533935546875],[790,1880.533935546875],[800,1880.533935546875],[810,1880.533935546875],[820,1880.533935546875],[830,1880.533935546875],[840,1880.533935546875],[850,1880.533935546875],[860,1880.533935546875],[870,1880.533935546875],[880,1880.533935546875],[890,1880.533935546875],[900,1880.533935546875],[910,1880.533935546875],[920,1880.533935546875],[930,1880.533935546875],[940,1880.533935546875],[950,1880.533935546875],[960,1880.533935546875],[970,1880.533935546875],[980,1880.533935546875],[990,1880.533935546875]],"configurations":[{"avg_evolution":[],"crossover":"Uniform One Crossover","crossover_rate":0.8999999761581421,"elapsed_time":0.000309357,"evaluator":"Parallel OMP Population Evaluator","evolution":[],"isTarget":true,"max_evals":100000,"mutation":"Uniform One Mutation","mutation_rate":0.009999999776482582,"name":"Parallel Genetic Algorithm","num_cores":32,"pop_size":32,"selection":"Binary Tournament Selection"},{"avg_evolution":[],"crossover":"Uniform One Crossover","crossover_rate":0.699999988079071,"elapsed_time":0.000296563,"evaluator":"Parallel OMP Population Evaluator","evolution":[],"isTarget":false,"max_evals":100000,"mutation":"Uniform One Mutation","mutation_rate":0.009999999776482582,"name":"Parallel Genetic Algorithm","num_cores":32,"pop_size":32,"selection":"Binary Tournament Selection"},{"avg_evolution":[],"crossover":"Uniform One Crossover","crossover_rate":0.800000011920929,"elapsed_time":0.00030532000000000004,"evaluator":"Parallel OMP Population Evaluator","evolution":[],"isTarget":false,"max_evals":100000,"mutation":"Uniform One Mutation","mutation_rate":0.009999999776482582,"name":"Parallel Genetic Algorithm","num_cores":32,"pop_size":32,"selection":"Binary Tournament Selection"},{"avg_evolution":[],"crossover":"Uniform One Crossover","crossover_rate":1.0,"elapsed_time":0.000294448,"evaluator":"Parallel OMP Population Evaluator","evolution":[],"isTarget":false,"max_evals":100000,"mutation":"Uniform One Mutation","mutation_rate":0.009999999776482582,"name":"Parallel Genetic Algorithm","num_cores":32,"pop_size":32,"selection":"Binary Tournament Selection"}],"crossover":"Uniform One Crossover","crossover_rate":0.800000011920929,"elapsed_time":2394.287104939,"evolution":[[0,0.0],[10,3598.98779296875],[20,3598.98779296875],[30,3598.98779296875],[40,3598.98779296875],[50,3598.98779296875],[60,3598.98779296875],[70,3598.98779296875],[80,3598.98779296875],[90,3598.98779296875],[100,3598.98779296875],[110,3598.98779296875],[120,3598.98779296875],[130,3598.98779296875],[140,3598.98779296875],[150,3598.98779296875],[160,3598.98779296875],[170,3598.98779296875],[180,3598.98779296875],[190,3598.98779296875],[200,3598.98779296875],[210,3598.98779296875],[220,3598.98779296875],[230,3598.98779296875],[240,3598.98779296875],[250,3598.98779296875],[260,3598.98779296875],[270,3598.98779296875],[280,3598.98779296875],[290,3598.98779296875],[300,3598.98779296875],[310,3598.98779296875],[320,3598.98779296875],[330,3598.98779296875],[340,3598.98779296875],[350,3598.98779296875],[360,3598.98779296875],[370,3598.98779296875],[380,3598.98779296875],[390,3598.98779296875],[400,3598.98779296875],[410,3598.98779296875],[420,3598.98779296875],[430,3598.98779296875],[440,3598.98779296875],[450,3598.98779296875],[460,3598.98779296875],[470,3598.98779296875],[480,3598.98779296875],[490,3598.98779296875],[500,3598.98779296875],[510,3598.98779296875],[520,3598.98779296875],[530,3598.98779296875],[540,3598.98779296875],[550,3598.98779296875],[560,3598.98779296875],[570,3598.98779296875],[580,3598.98779296875],[590,3598.98779296875],[600,3598.98779296875],[610,3598.98779296875],[620,3598.98779296875],[630,3598.98779296875],[640,3598.98779296875],[650,3598.98779296875],[660,3598.98779296875],[670,3598.98779296875],[680,3598.98779296875],[690,3598.98779296875],[700,3598.98779296875],[710,3598.98779296875],[720,3598.98779296875],[730,3598.98779296875],[740,3598.98779296875],[750,3598.98779296875],[760,3598.98779296875],[770,3598.98779296875],[780,3598.98779296875],[790,3598.98779296875],[800,3598.98779296875],[810,3598.98779296875],[820,3598.98779296875],[830,3598.98779296875],[840,3598.98779296875],[850,3598.98779296875],[860,3598.98779296875],[870,3598.98779296875],[880,3598.98779296875],[890,3598.98779296875],[900,3598.98779296875],[910,3598.98779296875],[920,3598.98779296875],[930,3598.98779296875],[940,3598.98779296875],[950,3598.98779296875],[960,3598.98779296875],[970,3598.98779296875],[980,3598.98779296875],[990,3598.98779296875]],"max_generations":1000,"mutation":"Uniform One Mutation","mutation_rate":0.009999999776482582,"name":"MEA","novelty_search":{"k":3,"name":"Novelty Search - MEA Version","threshold":3.0},"pop_size":10,"repetitions":10,"weighted_function":{"fitness_ratio":0.44999998807907104,"novelty_ratio":0.550000011920929}},"front":{"0":{"biasedFitness":-185.00048828125,"capacity":23971,"diversity":6694.97802734375,"features":{"Q":23971.0,"avg_eff":1.1699999570846558,"max_p":990.0,"max_w":986.0,"mean":492.2099914550781,"min_p":4.0,"min_w":5.0,"std":285.4403381347656},"fitness":3598.98779296875,"n_vars":100,"profits":[558,253,721,143,349,462,639,248,885,171,437,233,328,380,195,200,96,420,19,886,489,532,798,493,211,71,205,143,387,301,545,945,974,645,954,392,4,674,145,231,396,894,932,251,581,580,272,803,391,990],"weights":[986,5,372,841,519,433,850,624,46,316,414,451,147,447,545,902,252,415,289,811,291,271,186,749,630,66,582,787,98,984,429,709,936,758,406,410,687,917,809,361,459,843,58,963,442,930,869,106,455,513]},"1":{"biasedFitness":0.0,"capacity":1972,"diversity":4738.482421875,"features":{"Q":1972.0,"avg_eff":0.7299999594688416,"max_p":990.0,"max_w":981.0,"mean":449.25,"min_p":17.0,"min_w":20.0,"std":276.68408203125},"fitness":2606.165283203125,"n_vars":100,"profits":[517,287,779,870,298,622,339,17,593,525,84,127,530,852,385,427,207,368,905,143,870,48,435,79,552,990,361,130,267,372,292,889,752,89,367,333,635,36,851,299,564,760,100,805,945,631,728,665,109,400],